abs_diff_of_means,data,conv1,conv1x,pool1,norm1,reduction2,reduction2x,conv2,conv2x,norm2,pool2,icp1_reduction1,icp1_reduction1x,icp1_reduction2,icp1_reduction2x,icp1_pool,icp1_out0,icp1_out0x,icp1_out1,icp1_out1x,icp1_out2,icp1_out2x,icp1_out3,icp1_out3x,icp2_in,icp2_reduction1,icp2_reduction1x,icp2_reduction2,icp2_reduction2x,icp2_pool,icp2_out0,icp2_out0x,icp2_out1,icp2_out1x,icp2_out2,icp2_out2x,icp2_out3,icp2_out3x,icp2_out,icp3_in,icp3_reduction1,icp3_reduction1x,icp3_reduction2,icp3_reduction2x,icp3_pool,icp3_out0,icp3_out0x,icp3_out1,icp3_out1x,icp3_out2,icp3_out2x,icp3_out3,icp3_out3x,icp3_out,cls1_pool,cls1_reduction,cls1_reductionx,cls1_fc1,cls1_fc1x,cls1_fc2,icp4_reduction1,icp4_reduction1x,icp4_reduction2,icp4_reduction2x,icp4_pool,icp4_out0,icp4_out0x,icp4_out1,icp4_out1x,icp4_out2,icp4_out2x,icp4_out3,icp4_out3x,icp4_out,icp5_reduction1,icp5_reduction1x,icp5_reduction2,icp5_reduction2x,icp5_pool,icp5_out0,icp5_out0x,icp5_out1,icp5_out1x,icp5_out2,icp5_out2x,icp5_out3,icp5_out3x,icp5_out,icp6_reduction1,icp6_reduction1x,icp6_reduction2,icp6_reduction2x,icp6_pool,icp6_out0,icp6_out0x,icp6_out1,icp6_out1x,icp6_out2,icp6_out2x,icp6_out3,icp6_out3x,icp6_out,cls2_pool,cls2_reduction,cls2_reductionx,cls2_fc1,cls2_fc1x,cls2_fc2,icp7_reduction1,icp7_reduction1x,icp7_reduction2,icp7_reduction2x,icp7_pool,icp7_out0,icp7_out0x,icp7_out1,icp7_out1x,icp7_out2,icp7_out2x,icp7_out3,icp7_out3x,icp7_out,icp8_in,icp8_reduction1,icp8_reduction1x,icp8_reduction2,icp8_reduction2x,icp8_pool,icp8_out0,icp8_out0x,icp8_out1,icp8_out1x,icp8_out2,icp8_out2x,icp8_out3,icp8_out3x,icp8_out,icp9_reduction1,icp9_reduction1x,icp9_reduction2,icp9_reduction2x,icp9_pool,icp9_out0,icp9_out0x,icp9_out1,icp9_out1x,icp9_out2,icp9_out2x,icp9_out3,icp9_out3x,icp9_out,cls3_pool,cls3_fc
0,4.683341503,8.572850227,4.273750305,7.975412369,1.764497042,3.485803604,1.744166732,4.732578754,1.322447896,0.966212451,2.27148509,4.868360996,3.109563828,3.310472727,2.328243494,3.895354986,4.439488411,2.831943989,10.416749,4.566326618,6.136527061,3.203839302,9.223834991,4.744281292,3.984662056,8.142593384,3.363970757,7.556482315,3.846773148,7.259882927,7.100431442,1.412404299,9.414942741,1.309771657,10.08498192,1.08229506,10.84931374,1.687142372,1.341959,4.183247566,11.79757023,6.614813328,9.687765121,5.405059338,9.625450134,9.2388134,2.599511385,16.81222153,1.723924994,11.40601635,3.252279997,18.96500015,3.412935734,2.406680822,2.472151756,3.766059399,0.858714223,1.625797272,0.577304661,1.063271523,6.246743679,3.784726381,8.339332581,6.430855274,6.303391933,6.181621552,3.238901377,7.55524826,3.167695761,12.9726696,4.847398281,13.18479443,3.847406387,3.484873772,7.180772305,3.749078274,8.226680756,5.335342407,6.369944572,7.651971817,3.845438957,7.667582035,2.648931026,12.80207157,4.836760998,10.72457218,3.971203327,3.386825562,7.930292606,3.489651442,8.055117607,4.436476231,5.895229816,6.999577045,2.679868221,8.851091385,1.642101765,11.47208405,2.881895781,11.63286495,1.672163725,2.016154289,1.996347785,2.853219032,1.294716239,2.172235966,0.654339731,1.228635907,3.624820948,2.559320688,4.747359276,3.507560968,3.720756769,3.401332855,1.021941304,4.687604904,0.991367221,4.744448662,1.119963646,6.2228508,1.859558582,1.154124975,2.039176226,3.54665494,2.586547613,7.67509079,5.82601738,3.517993212,3.574154377,1.740118742,4.667320251,1.010473251,11.31131935,2.860565186,7.933462143,3.372984648,1.883063555,3.985742331,1.122415185,3.462217808,1.441850662,3.085960388,3.294855356,0.401104689,2.775025845,0.415486187,3.342500448,0.622029483,5.494138718,0.372157902,0.430494934,0.370022416,0.818391621
0.05,4.465754032,8.194241524,4.086470604,7.715814114,1.742382169,3.469645023,1.728576541,4.693104744,1.308519006,0.957707405,2.259239912,4.852354527,3.094132662,3.323566914,2.344835997,3.882559299,4.422464848,2.821730614,10.39792347,4.554956436,6.282433987,3.266989946,9.167963028,4.726781845,3.982134819,8.164978981,3.375663996,7.636281967,3.865497112,7.247039318,7.082370281,1.410921335,9.458379745,1.317810893,10.14173222,1.089584589,10.77222824,1.687950611,1.346347332,4.202728271,11.88745117,6.686669827,9.705758095,5.406110287,9.660442352,9.257032394,2.603820086,17.03890991,1.746724248,11.36420155,3.232750177,19.1703434,3.452284575,2.420645475,2.489115715,3.80348897,0.868061364,1.643121362,0.583061576,1.072909951,6.274418831,3.805804014,8.366233826,6.442115784,6.339605808,6.213540554,3.260053158,7.603200912,3.186882496,12.98313332,4.859537125,13.20594501,3.853811741,3.502191544,7.217946053,3.767985821,8.211913109,5.343478203,6.406534672,7.695153713,3.869621515,7.719866753,2.666594744,12.85196877,4.854691505,10.83878708,4.000667572,3.407619476,7.958470821,3.502980232,8.070261002,4.432403088,5.932771683,7.043406487,2.698026896,8.8980093,1.647725344,11.47185135,2.881209373,11.69274521,1.679327846,2.023856401,2.004992723,2.864845991,1.299170732,2.171150446,0.658434153,1.240753293,3.641097307,2.56972456,4.773619652,3.530740261,3.732649803,3.422214508,1.027115703,4.708574772,0.995408595,4.769224644,1.121197939,6.249360561,1.861741066,1.157799959,2.046612263,3.559232235,2.595504999,7.653778553,5.809208393,3.532394886,3.588028193,1.746246934,4.665708065,1.011607409,11.24268532,2.84268713,7.958445072,3.394206762,1.885904312,3.99949646,1.126432538,3.468849421,1.444951773,3.08927989,3.298430443,0.401165932,2.782252312,0.414439589,3.348147869,0.622020006,5.481946468,0.373657346,0.430312097,0.370610118,0.818858922
0.1,4.240759373,7.778491497,3.881077766,7.452313423,1.720074892,3.456319094,1.714971423,4.661365509,1.297866106,0.951930881,2.251796246,4.841894627,3.08379674,3.356404543,2.381722689,3.876252651,4.421592236,2.824124813,10.39777374,4.550579548,6.515043736,3.375249863,9.073763847,4.678745747,3.988074541,8.198981285,3.392075539,7.747450829,3.891902685,7.256436825,7.071930408,1.410608053,9.519486427,1.32746017,10.2216568,1.09782052,10.71611214,1.690373302,1.35209167,4.225635052,11.99198055,6.765480518,9.711436272,5.403385162,9.701806068,9.267102242,2.610596657,17.29362679,1.770867467,11.33182049,3.221586466,19.36868668,3.490358353,2.436705828,2.507029533,3.836633921,0.875128984,1.654500127,0.587657034,1.084003329,6.296576023,3.824004173,8.396681786,6.45686245,6.3747859,6.235281467,3.276382208,7.649105072,3.203569889,13.00246429,4.881992817,13.16529942,3.840004206,3.515685081,7.257528305,3.784106493,8.199929237,5.356452465,6.437502384,7.731580257,3.89047122,7.763840199,2.680877686,12.90156269,4.87541151,10.93309784,4.027037144,3.425867796,7.978013992,3.511261225,8.068019867,4.422838688,5.96189785,7.078532696,2.713423491,8.923563004,1.648752928,11.47119904,2.880239964,11.73896217,1.684975863,2.02825284,2.011233807,2.871864319,1.301478982,2.165864944,0.662027717,1.2492733,3.651072264,2.575764656,4.800720692,3.555825472,3.737800837,3.439799786,1.031835437,4.722229958,0.998427391,4.796517849,1.121771574,6.272140026,1.863814712,1.160821438,2.051787615,3.568485022,2.602617979,7.622436523,5.782601357,3.541195869,3.597685814,1.7517277,4.66126442,1.012791395,11.14809418,2.818080902,7.966646671,3.408707619,1.88650012,4.006239891,1.126954675,3.479686499,1.448032975,3.088976145,3.30214262,0.401445121,2.781080246,0.411621392,3.351122141,0.623132408,5.464987755,0.376293689,0.429828048,0.370805264,0.81797725
0.15,3.99854517,7.331551552,3.660518646,7.181047916,1.69000864,3.431378365,1.695366979,4.60970068,1.281531453,0.942816496,2.240681171,4.823307991,3.066502333,3.39567256,2.423895359,3.854948997,4.418263912,2.822969198,10.37928772,4.540720463,6.773128986,3.49198699,8.931529999,4.613497257,3.989284039,8.222466469,3.405073881,7.867516518,3.919901609,7.261218071,7.052321434,1.406851053,9.564502716,1.336055398,10.28758621,1.106466413,10.64252186,1.68018353,1.354899049,4.244438171,12.10640049,6.851903439,9.738036156,5.413503647,9.74242115,9.258176804,2.610692739,17.56757736,1.800465107,11.34148312,3.227692366,19.58289909,3.541628838,2.455747366,2.529711246,3.871692896,0.885263205,1.67314744,0.595364749,1.100885391,6.332308292,3.851395845,8.444786072,6.474432945,6.419690609,6.25753212,3.294098854,7.716614723,3.230783701,13.02130222,4.913362503,13.10012341,3.819491625,3.534468412,7.312717438,3.807940722,8.20056057,5.379522324,6.482217789,7.776956558,3.919222355,7.811317921,2.696427584,12.97632599,4.905220985,11.02881241,4.069685459,3.449890137,7.998714447,3.517084599,8.070689201,4.41043663,5.997345448,7.115508556,2.730486393,8.931769371,1.646116495,11.48931885,2.880908966,11.77434444,1.695794225,2.031827927,2.014858484,2.872712851,1.301168919,2.156788111,0.666527033,1.256935596,3.659556389,2.580484629,4.823531628,3.577777863,3.743006468,3.458096981,1.035962701,4.728360653,0.999314129,4.807247162,1.114753366,6.298665524,1.864238977,1.161415458,2.054904222,3.569128513,2.601937532,7.570246696,5.738433838,3.549366951,3.607377768,1.757102013,4.637816429,1.011354685,11.02009773,2.786540031,7.977761269,3.430419922,1.886085153,4.014672279,1.129166603,3.491739035,1.450464249,3.085301161,3.302650213,0.401735574,2.77946806,0.407556444,3.343250513,0.621444404,5.438866615,0.380532503,0.428732842,0.370146483,0.817487717
0.2,3.755108595,6.882554531,3.439101934,6.917173862,1.652410984,3.387873411,1.666012526,4.532366276,1.255576611,0.927458584,2.221885681,4.789025784,3.037252903,3.463479757,2.489135504,3.826551437,4.397227287,2.811612844,10.31919193,4.51350975,7.103470802,3.643859863,8.817393303,4.565243244,3.985793114,8.240431786,3.416606903,8.041773796,3.977020025,7.268122673,7.028241158,1.401863456,9.605971336,1.346537232,10.47725487,1.126198888,10.56844521,1.67536819,1.361066103,4.273553848,12.27194881,6.964650631,9.84986496,5.488193512,9.804159164,9.266891479,2.617815018,17.93741035,1.840662003,11.51422787,3.288311958,19.95702171,3.633962631,2.491970778,2.577461958,3.930185318,0.898979068,1.706874967,0.607878268,1.129520535,6.420311451,3.911169767,8.588719368,6.553629398,6.519224644,6.306624413,3.325124741,7.860942841,3.290225983,13.18654633,5.004069805,13.05552292,3.811288118,3.580485821,7.426161289,3.862075567,8.283738136,5.440358162,6.57215023,7.866931915,3.965771198,7.924076557,2.731224775,13.19013214,4.980703831,11.19091415,4.153894424,3.498890877,8.057291031,3.531379938,8.140221596,4.426919937,6.075219631,7.179399967,2.754841805,8.956280708,1.646755934,11.61280441,2.902308941,11.85787868,1.715770364,2.042359829,2.026964188,2.88646841,1.306451559,2.156080008,0.674745858,1.266191483,3.681102037,2.592577696,4.854334831,3.606422663,3.762064219,3.487676859,1.042242169,4.743537426,1.000407577,4.817831039,1.105645418,6.36056757,1.87454927,1.16395402,2.062455416,3.576893568,2.60469532,7.543734074,5.719357014,3.565058708,3.628614426,1.76944077,4.618134499,1.010786772,10.94213009,2.769636393,8.000968933,3.461991549,1.891912937,4.042708397,1.138336301,3.504461288,1.449220181,3.091439247,3.308309793,0.402455866,2.801553011,0.408079535,3.317081451,0.614089787,5.442120075,0.38790676,0.429201365,0.370920539,0.82180047
0.25,3.512097359,6.433428288,3.217961788,6.658569336,1.602977157,3.310148239,1.621133804,4.413053989,1.216939449,0.904680729,2.191497564,4.730958462,2.989526987,3.531393051,2.554921627,3.784065008,4.35055685,2.78697443,10.19056988,4.461990833,7.390769958,3.775448322,8.742599487,4.527842522,3.965650797,8.235772133,3.423124313,8.249891281,4.054043293,7.271893024,6.991715431,1.393877029,9.61749649,1.353977919,10.71994209,1.148853064,10.50595665,1.67228663,1.366031289,4.296883583,12.45320797,7.072446823,10.00568581,5.628294468,9.858533859,9.255584717,2.621608496,18.25917625,1.878996491,11.85179806,3.414382935,20.45497894,3.763477802,2.536979437,2.634975195,3.993075132,0.910240173,1.752298951,0.622900248,1.162763715,6.53764677,3.987620831,8.813324928,6.690755844,6.630391121,6.355891228,3.354763269,8.021755219,3.357020855,13.51861954,5.169057846,13.03543377,3.827014923,3.641561747,7.564371586,3.926564455,8.462862968,5.55005312,6.682400227,7.96364212,4.00712347,8.062378883,2.774651051,13.54616356,5.098195553,11.39172077,4.271160126,3.560282707,8.135569572,3.553519011,8.270952225,4.476935387,6.179872513,7.2505126,2.780487299,9.007695198,1.648906231,11.85417938,2.94436264,11.99222565,1.739411354,2.056934595,2.043951273,2.915102959,1.31617856,2.163805246,0.685290217,1.279087305,3.716215611,2.616926432,4.891822815,3.641385078,3.790779591,3.528491497,1.050920486,4.775394917,1.003915071,4.837666035,1.098184943,6.46603775,1.896002293,1.170123816,2.075991154,3.592023373,2.614477396,7.544727325,5.725485802,3.586473227,3.661107302,1.788791299,4.611049652,1.0110147,10.91585541,2.766326189,8.030050278,3.502006769,1.903605819,4.090452671,1.153462648,3.528773785,1.454656601,3.107174158,3.32633543,0.405296504,2.849193811,0.413230807,3.301946163,0.607332706,5.466561317,0.395333141,0.432281226,0.373162448,0.831329465
0.3,3.288139105,6.02056551,3.015339136,6.422838688,1.542927742,3.200865984,1.565620899,4.27925539,1.176151633,0.878929198,2.158141613,4.674829006,2.937322855,3.568559647,2.597873211,3.727716684,4.306251526,2.763013363,10.00227165,4.394333363,7.573450089,3.851666451,8.632683754,4.475145817,3.928771734,8.197731972,3.414770126,8.439172745,4.128067493,7.266539097,6.928688526,1.379443765,9.594780922,1.360815644,10.9169817,1.168772221,10.44995403,1.659171224,1.367156267,4.303254604,12.57343578,7.144285679,10.13299465,5.775343418,9.864136696,9.226177216,2.613608837,18.47819328,1.905540228,12.24131012,3.56622529,20.93777466,3.874523878,2.572874784,2.680741072,4.052949905,0.918729365,1.791110754,0.636609256,1.188181996,6.649779797,4.062574387,9.051535606,6.842864037,6.713256836,6.391583443,3.372303724,8.166763306,3.423121929,13.97050285,5.391939163,13.00304699,3.860182047,3.707974195,7.705246925,3.991990328,8.697148323,5.670806885,6.790558338,8.036901474,4.027138233,8.223902702,2.821054459,13.92277718,5.219051838,11.61885262,4.389279842,3.618349314,8.208629608,3.570968866,8.434498787,4.55162096,6.287387848,7.304659843,2.791489124,9.045802116,1.652760506,12.14469433,3.000795841,12.12161064,1.766286254,2.071463823,2.060317516,2.942860365,1.323297381,2.17169714,0.694004357,1.283333659,3.746086836,2.638763905,4.926308632,3.674164534,3.818795443,3.558001995,1.058052897,4.810153484,1.010882616,4.862696648,1.09767139,6.573334217,1.923823476,1.179199219,2.0899086,3.610566854,2.626986027,7.560298443,5.740313053,3.604688883,3.688722372,1.804691672,4.615708828,1.013723731,10.91925049,2.77363205,8.040488243,3.526661873,1.914458036,4.119078636,1.164828539,3.5386374,1.458788872,3.119734526,3.333352804,0.407908291,2.895014524,0.417527556,3.309348822,0.60371536,5.493927479,0.402140021,0.435271353,0.374783367,0.832211375
0.35,3.044476748,5.57011795,2.793964863,6.15254879,1.455505848,3.016060352,1.479092598,4.08528614,1.1241467,0.840341866,2.105868578,4.596266747,2.858613014,3.590238571,2.633787155,3.659424543,4.247777939,2.741400242,9.735980988,4.297822475,7.705608845,3.911815643,8.547608376,4.429294586,3.876905203,8.12227726,3.389457941,8.517912865,4.146364689,7.253923893,6.832388878,1.362032652,9.515051842,1.365388036,10.85252285,1.163325191,10.40129757,1.620003343,1.358028531,4.275904179,12.55950546,7.165267467,10.01170158,5.767120361,9.805139542,9.130859375,2.59760046,18.53565979,1.914646745,12.29367733,3.618490934,21.16143608,3.883863688,2.576641083,2.700395346,4.113769531,0.920134723,1.81693387,0.646422267,1.190969229,6.718023777,4.112817287,9.22968483,6.947547436,6.724134922,6.383080959,3.364247084,8.304329872,3.500024557,14.32359505,5.590875626,12.90629959,3.886485577,3.767247677,7.847402096,4.061995983,8.976847649,5.803620338,6.882151127,8.082231522,4.028219223,8.412697792,2.866557598,14.41518879,5.396305084,11.89536572,4.519054413,3.679762125,8.293796539,3.594858646,8.654426575,4.66084528,6.396272182,7.338842869,2.786430597,9.10513401,1.66922915,12.49356556,3.079284906,12.314147,1.825744748,2.096102715,2.09053874,2.990744114,1.341589689,2.198974609,0.71160233,1.294852734,3.790131569,2.6676898,4.979609966,3.72531724,3.851195812,3.577355623,1.067473769,4.848432064,1.026185036,4.922584057,1.11732769,6.686976433,1.967645407,1.197750211,2.114465237,3.645081043,2.652258635,7.68420887,5.835462093,3.64763689,3.718211651,1.823053122,4.647231579,1.025381684,11.10727024,2.822299004,8.072570801,3.549777269,1.935635209,4.160979748,1.183358073,3.54644537,1.459065199,3.153083563,3.357720375,0.4168863,2.962823391,0.430088848,3.326879025,0.600937188,5.576849461,0.414616138,0.444558889,0.381669015,0.844126403
0.4,2.80181098,5.123108864,2.574457645,5.849740982,1.332573771,2.749364376,1.35643518,3.815535545,1.057881474,0.783509135,2.014789104,4.441926956,2.742596388,3.636070728,2.6552248,3.535955429,4.14026165,2.683986187,9.365603447,4.136361122,7.697818279,3.887556791,8.292032242,4.327664852,3.766077757,7.967333794,3.342895746,8.451281548,4.107325554,7.13572979,6.632215977,1.333377957,9.413888931,1.372632027,10.49743843,1.12827003,10.33064747,1.591425061,1.342467904,4.24703455,12.51813412,7.162078857,9.852423668,5.721283436,9.714286804,9.038421631,2.59231329,18.58952141,1.93840158,12.29038811,3.673545837,21.23565865,3.858068705,2.586244822,2.715593338,4.192080975,0.923626423,1.847623229,0.660887122,1.184605002,6.795513153,4.166792393,9.406593323,7.006403446,6.743216991,6.39297533,3.361647844,8.462676048,3.597025156,14.65866756,5.806397915,12.96390247,3.937510967,3.842197418,8.053767204,4.155031204,9.322106361,5.967651844,7.010671139,8.17926693,4.043418884,8.64826107,2.915691853,14.88372898,5.578752041,12.23684883,4.659012794,3.748428106,8.391561508,3.631637096,8.902727127,4.774755001,6.498897552,7.395545483,2.78310585,9.150186539,1.685325265,12.83588791,3.154300213,12.40222931,1.904536009,2.122815847,2.126427412,3.051903248,1.370496869,2.244174719,0.737126648,1.317636371,3.835072756,2.696522713,5.027450085,3.770740032,3.880435944,3.588674784,1.078381777,4.86595726,1.042346716,4.964997292,1.139121652,6.77218771,2.028688908,1.220069528,2.143584967,3.669652224,2.669926643,7.835347652,5.94363451,3.6942451,3.757307053,1.848043799,4.68550396,1.043128848,11.34946251,2.87587142,8.089519501,3.555426836,1.959262252,4.180082321,1.203718305,3.554007053,1.457671404,3.189396858,3.368457317,0.428216726,3.032150507,0.444984376,3.345747948,0.598669708,5.609498978,0.416024417,0.454286218,0.390675396,0.867613792
0.45,2.559045553,4.675196648,2.352324724,5.488208771,1.187518835,2.436145782,1.21105814,3.442189932,0.967430055,0.709992409,1.847102404,4.100385666,2.542182207,3.488351583,2.541094542,3.28861165,3.879992723,2.508624077,8.640695572,3.807556391,7.349441051,3.704666138,7.505330563,3.942581177,3.486842632,7.495121002,3.151395321,7.967191696,3.898941755,6.72157526,6.147609234,1.256135702,8.888504028,1.307982802,9.724663734,1.062155843,9.873858452,1.496334314,1.270103216,4.05064249,12.03981781,6.919549942,9.262022972,5.411705017,9.259698868,8.654335976,2.498366356,17.98340797,1.901884079,11.71357346,3.478807211,20.23220444,3.660441875,2.493220091,2.608966351,4.101735115,0.914885402,1.825701952,0.649644375,1.152912259,6.625349998,4.066182137,9.153038979,6.837217808,6.533426762,6.198054314,3.261172056,8.258207321,3.509671926,14.273242,5.645699501,12.70447063,3.88589263,3.746039152,7.865649223,4.07700634,9.27712822,5.968551159,6.85574913,7.981888771,3.968701839,8.525012016,2.860680103,14.9153738,5.60951376,12.07620716,4.581363678,3.696380854,8.282904625,3.595246077,8.850914001,4.768203259,6.410425186,7.295551777,2.747764111,9.083877563,1.683470488,12.76348019,3.140573025,12.36685753,1.921553135,2.114704609,2.1242311,3.058354616,1.378179312,2.263772011,0.745746851,1.325884104,3.829938889,2.693186998,5.005861759,3.754371881,3.84971118,3.566439629,1.073365211,4.861159801,1.047406912,4.979600906,1.158479929,6.731382847,2.010298967,1.220615506,2.138235331,3.651308775,2.65667367,7.915492058,6.001986027,3.681782007,3.739946842,1.843919277,4.669647217,1.039845109,11.47253799,2.909126759,8.101995468,3.549607277,1.960953832,4.167466164,1.205623031,3.538613319,1.453333378,3.196991205,3.355178356,0.42652303,3.033545256,0.449385285,3.323148966,0.596948206,5.64086771,0.420551598,0.455652744,0.391816318,0.875950277
0.5,2.335399389,4.263371468,2.150743484,5.107122421,1.063687444,2.170349598,1.082301974,3.091817141,0.877669036,0.640902281,1.65834868,3.684542179,2.298151016,3.18722105,2.310913086,2.963934898,3.541224003,2.293522358,7.764445305,3.419832706,6.748165607,3.36874795,6.585103035,3.441926241,3.134634495,6.794720173,2.856663942,7.20247364,3.556061506,6.130285263,5.513653278,1.152889609,8.069915771,1.190363646,8.780163765,0.972710252,9.0589571,1.323749304,1.154622793,3.720096827,11.07063198,6.421402931,8.335673332,4.873414516,8.527571678,7.963291645,2.317580223,16.65616608,1.784106493,10.48919201,3.051887989,18.37359238,3.354162455,2.299270391,2.400109053,3.802990913,0.877395093,1.731069684,0.614109218,1.099050999,6.167246342,3.787430048,8.389396667,6.346214771,6.084653854,5.802783012,3.061924219,7.655323029,3.225150347,13.19775677,5.160861015,11.95046711,3.637063742,3.467585325,7.267309189,3.827514648,8.733018875,5.701052666,6.395755768,7.438358307,3.756478786,8.016077995,2.697345257,14.3019619,5.357737064,11.33975697,4.336338043,3.499555826,7.932008743,3.44793725,8.401093483,4.543658257,6.09504652,6.977576733,2.651973486,8.746427536,1.628610015,12.1321497,3.004002571,11.98341846,1.861419559,2.040616035,2.04921031,2.946676254,1.330738544,2.183755398,0.716777384,1.280822158,3.70615983,2.606922388,4.814479351,3.599586248,3.713990927,3.447964191,1.035766721,4.744909286,1.036717415,4.828337193,1.132892489,6.504281044,1.926483274,1.188108206,2.08362937,3.556308985,2.580952644,7.764586926,5.848971844,3.586393118,3.651642084,1.807694674,4.535931587,1.016086102,11.270895,2.8547194,7.946035385,3.46110034,1.918681622,4.071967125,1.182987571,3.453959942,1.42177093,3.138028622,3.245093822,0.41563651,2.926706791,0.432039738,3.218883991,0.599127054,5.505924702,0.409144849,0.443911642,0.381236494,0.858016491
0.55,2.09169054,3.814339876,1.932313442,4.657760143,0.927788198,1.910839438,0.951450288,2.72031498,0.776764929,0.565279067,1.452417493,3.244263411,2.027649164,2.825472355,2.023784876,2.602590084,3.13751626,2.038149834,6.805408478,2.990939379,5.999501705,2.972715378,5.599421501,2.886709452,2.737431049,5.962982655,2.509193182,6.235243797,3.114012957,5.430516243,4.803809166,1.031354427,7.089352131,1.050422072,7.608027458,0.85361743,8.015018463,1.119137406,1.015138865,3.316156387,9.899013519,5.77887392,7.36920929,4.270642757,7.675880909,7.133558273,2.098280907,14.9608593,1.621606708,9.155018806,2.611483097,16.28889465,2.937286615,2.057617903,2.153774261,3.443359375,0.810984075,1.600880146,0.568264663,1.02933681,5.593592644,3.430443525,7.509128094,5.754498005,5.510712147,5.292015553,2.804759741,6.910326481,2.886974096,11.9777317,4.609014511,10.94463253,3.288906574,3.126770735,6.584564209,3.522701979,8.026097298,5.323574543,5.827561855,6.780861378,3.468966722,7.400711536,2.497426987,13.30423546,4.93734026,10.36510563,4.013401031,3.234805107,7.445955276,3.242350578,7.824501514,4.258461475,5.656127453,6.523463249,2.505017519,8.264515877,1.541962743,11.37022686,2.858767509,11.26227283,1.739997268,1.929864764,1.939265847,2.787375212,1.258071184,2.063804865,0.67108953,1.211921573,3.512099028,2.477209091,4.546878815,3.388039827,3.521836519,3.265676737,0.97881937,4.558315754,1.008884072,4.59135437,1.085117459,6.191701889,1.831232309,1.137877584,1.992319942,3.41046834,2.465434551,7.557619095,5.67138195,3.434226036,3.527477741,1.753240943,4.362108231,0.984191775,11.04368114,2.794478655,7.644967079,3.305845261,1.856505871,3.923556089,1.148644328,3.337634325,1.380755305,3.040332556,3.091802359,0.399166197,2.792831898,0.410214365,3.082061052,0.600117445,5.311896324,0.39002955,0.427286804,0.367378086,0.822663128
0.6,1.848327279,3.365703344,1.712994933,4.164964199,0.790617049,1.654166818,0.827990294,2.373185635,0.679258645,0.493612647,1.267080188,2.839717865,1.778295994,2.485077143,1.749834061,2.267135859,2.763603687,1.790590525,5.950804234,2.605240583,5.24763155,2.593669653,4.748020172,2.421341896,2.377143145,5.212932587,2.192823887,5.326536179,2.680126667,4.766198158,4.165197372,0.913793445,6.222910404,0.930234313,6.493857861,0.731950521,7.053470135,0.936669946,0.88705194,2.937343836,8.764338493,5.13615799,6.358196735,3.620275974,6.88175869,6.360753059,1.899664044,13.25713348,1.455629826,7.759333134,2.178658962,14.37062836,2.532841206,1.824576855,1.912745357,3.097360134,0.746554852,1.470466852,0.522343814,0.943249643,5.048675537,3.093604326,6.674947262,5.167951584,4.938413143,4.796786308,2.555216789,6.231176376,2.582930088,10.78653717,4.080287933,10.03846741,3.008391142,2.81461072,5.959393024,3.224489689,7.374591351,4.940633297,5.302404881,6.198281288,3.200009823,6.809371471,2.296288013,12.21196651,4.507362843,9.457304955,3.687400103,2.972494841,6.942868233,3.036367178,7.228300571,3.971030951,5.228834629,6.060199738,2.34036541,7.776437283,1.456878066,10.63397598,2.70468545,10.47625351,1.601207972,1.81302774,1.82140708,2.621428967,1.178835869,1.941696525,0.626413226,1.131960273,3.29163146,2.329661846,4.274716854,3.178458929,3.328180075,3.065052271,0.920332015,4.339801311,0.97948879,4.355873585,1.039191365,5.858347416,1.738417625,1.087231159,1.8976897,3.274966478,2.36071682,7.333365917,5.477413177,3.270875454,3.392855883,1.694749475,4.214625835,0.967468143,10.75736809,2.711161137,7.317947865,3.145959377,1.794658422,3.75903821,1.111745834,3.229828119,1.343544126,2.939121485,2.92479682,0.382810026,2.653731823,0.387837559,2.922866583,0.603816986,5.0847826,0.372536331,0.411036521,0.354916006,0.785202324
0.65,1.605993629,2.919917583,1.489284277,3.650137186,0.662649214,1.40221262,0.707569659,2.03623724,0.585458577,0.425164908,1.092034221,2.464820623,1.543453097,2.173459768,1.511097789,1.957332253,2.416594267,1.558273911,5.162626743,2.25108099,4.574188232,2.252794266,4.044776917,2.022725821,2.049553156,4.52281332,1.898972154,4.546457767,2.296955109,4.153155804,3.58768487,0.798161566,5.40860939,0.813716769,5.570542336,0.630476475,6.123871326,0.786690593,0.769316256,2.57704258,7.70232439,4.525337219,5.509791374,3.09049058,6.097177505,5.616906166,1.706141829,11.6424284,1.292923808,6.62654829,1.842642426,12.66876698,2.190538168,1.611618042,1.690586686,2.780846119,0.686351955,1.354880571,0.481423467,0.87309444,4.558041096,2.788547277,5.950875759,4.64969635,4.40086937,4.314712048,2.307934999,5.635733128,2.319072485,9.76228714,3.650954247,9.139652252,2.752716303,2.536275864,5.41468668,2.95457077,6.822312832,4.599105358,4.829280853,5.660633087,2.945529461,6.27278614,2.120249987,11.25778294,4.148148537,8.611144066,3.369860888,2.736263275,6.464924812,2.839496613,6.690463543,3.721385717,4.859131336,5.623756886,2.188527822,7.322003841,1.371017337,10.01091671,2.553762197,9.752936363,1.466379881,1.699351668,1.710421562,2.469240904,1.10350275,1.833059072,0.584341586,1.049594641,3.083201408,2.189597845,4.009259224,2.978428841,3.144497156,2.881360769,0.866183519,4.117412567,0.942705631,4.127043247,0.99557209,5.548211575,1.651130795,1.036283493,1.805173516,3.146735191,2.263542175,7.091870308,5.301700592,3.113267183,3.246738434,1.63286674,4.068091393,0.947141707,10.47886944,2.644303322,6.997692585,2.989156723,1.733384967,3.601804495,1.075188756,3.122919321,1.299318314,2.837873459,2.772988558,0.368530631,2.536230326,0.371162981,2.771397829,0.601434469,4.901926994,0.365489662,0.398249835,0.344518691,0.747457564
0.7,1.382287621,2.509361982,1.282165647,3.16144681,0.551908195,1.175314426,0.596748769,1.724451184,0.499298364,0.362469375,0.929498076,2.114025593,1.321431637,1.862469316,1.282743096,1.666397572,2.090192556,1.346065879,4.402747154,1.909686685,3.935091019,1.920644522,3.41075635,1.682290316,1.741723537,3.859198809,1.617375612,3.817166805,1.935932398,3.555753708,3.058195353,0.685468853,4.601827621,0.695990145,4.667416096,0.530129135,5.216604233,0.653106213,0.6542961,2.210553885,6.590786934,3.879779339,4.704483986,2.59295702,5.24703455,4.841032505,1.488316178,9.934669495,1.120615482,5.578462601,1.547070861,10.92352581,1.862675071,1.391240835,1.465178847,2.454660177,0.609537065,1.210168242,0.432362348,0.787317634,4.010673523,2.44903183,5.187064648,4.082725525,3.823901176,3.780106068,2.034067392,4.962508202,2.027838707,8.658060074,3.219101667,8.116138458,2.458388567,2.232509136,4.82025528,2.649154663,6.16120863,4.187858582,4.299210072,5.063324451,2.656249046,5.621125698,1.910696864,10.20916939,3.766955853,7.661532879,2.982941389,2.463148117,5.888195038,2.596051693,6.046691895,3.420212507,4.417912483,5.11071825,2.010294914,6.751900673,1.261684895,9.303095818,2.37220192,8.902256012,1.314883947,1.561540365,1.57808578,2.278473139,1.014613032,1.700762391,0.535992861,0.959125757,2.833574533,2.020429611,3.664014816,2.725952148,2.912077665,2.658940792,0.799147844,3.821192265,0.884154916,3.803058147,0.917891443,5.153330326,1.531226039,0.962742686,1.6777215,2.953197002,2.120218277,6.622640133,4.962090492,2.897145987,3.03067708,1.533481359,3.814647198,0.896744192,9.802884102,2.508373737,6.518467903,2.776640654,1.629819393,3.357663393,1.009425759,2.929743767,1.21134305,2.66537261,2.565363169,0.346661299,2.366071939,0.344724268,2.55232358,0.57368958,4.627997398,0.350492507,0.374792099,0.322419107,0.687191129
0.75,1.13899076,2.063629389,1.056377888,2.615707636,0.439397156,0.938585222,0.479684412,1.388764024,0.407211393,0.295684129,0.755832672,1.730356574,1.079403758,1.538544059,1.049842,1.360019088,1.736715198,1.113876104,3.588210106,1.547621012,3.239536524,1.567257524,2.798624992,1.371438622,1.419610739,3.151997566,1.315829873,3.072670698,1.567427039,2.913445711,2.509297609,0.559129417,3.739566326,0.569284558,3.757543802,0.428623557,4.236622334,0.519930422,0.531864762,1.807795405,5.363799572,3.150902271,3.931771755,2.134627104,4.298159122,3.978321791,1.232280135,8.085976601,0.917802393,4.643085003,1.287766457,9.119905472,1.54378593,1.148662925,1.212004423,2.066194296,0.520051003,1.036330581,0.372954428,0.683651686,3.367794275,2.057583332,4.323569298,3.419898033,3.185868979,3.147664547,1.706927419,4.173437595,1.688324809,7.286133289,2.68857336,6.863385201,2.09277463,1.869724154,4.089081287,2.270712614,5.263944626,3.613937378,3.655353069,4.292142868,2.269534588,4.810010433,1.648025155,8.789813995,3.24431777,6.526528358,2.486795902,2.107787132,5.081123829,2.251647234,5.202512264,2.996471167,3.817512989,4.416015148,1.757408619,5.892222881,1.094718099,8.29042244,2.099768639,7.741178513,1.129318595,1.361308098,1.382332087,1.987083554,0.885283649,1.499226928,0.465756983,0.833373666,2.465734005,1.765147567,3.170791626,2.364838839,2.564125776,2.327247858,0.694396734,3.358029604,0.781018615,3.301248312,0.792002857,4.552820206,1.357121944,0.844686806,1.468753219,2.623842478,1.882110834,5.803950787,4.339640141,2.544988394,2.678175688,1.360375404,3.38429904,0.795078814,8.490125656,2.249295235,5.748931885,2.43006587,1.444277406,2.964067459,0.896125972,2.608786821,1.079657674,2.355830431,2.245672941,0.307256818,2.095732927,0.302659452,2.236408234,0.51894927,4.119813919,0.310334116,0.332378894,0.284516722,0.593426883
0.8,0.896384716,1.620949268,0.831285119,2.057571173,0.333810419,0.715147316,0.366760492,1.060442448,0.314294487,0.227963969,0.580299735,1.330061674,0.828434348,1.176805139,0.796759605,1.050417066,1.353112102,0.862692952,2.737118483,1.173602819,2.46212697,1.191098213,2.187836647,1.064242363,1.084392548,2.404411077,0.998019636,2.318315983,1.191361904,2.241358519,1.927076697,0.420105129,2.818686962,0.434707731,2.82542944,0.322947025,3.233622551,0.394750476,0.403134793,1.377043843,4.079044819,2.398001432,3.122659683,1.687707543,3.255807638,3.041816235,0.949094832,6.192877769,0.703643501,3.733244419,1.034003735,6.988795757,1.150202274,0.882478535,0.930719137,1.614089847,0.408880442,0.811017931,0.294289351,0.556587458,2.632291317,1.613767743,3.371546268,2.674690962,2.465511799,2.420296907,1.316898465,3.23826623,1.298120379,5.704256535,2.068661451,5.351084232,1.655580997,1.444984317,3.215129614,1.809259653,4.133949757,2.884304523,2.865166903,3.346461296,1.778920054,3.822291851,1.328595161,7.004087448,2.577068567,5.135548592,1.901091337,1.6687994,4.047206402,1.802762628,4.171944618,2.448531389,3.03693223,3.521494627,1.409702897,4.728677273,0.874051213,6.924031734,1.744574666,6.157030582,0.874520063,1.093247175,1.108438134,1.579096317,0.699643016,1.203646064,0.366532624,0.665502727,1.97173059,1.415294409,2.551149607,1.909437656,2.079648495,1.867698073,0.550782681,2.701784849,0.62258178,2.649271727,0.636938155,3.654747486,1.096699238,0.675640762,1.176881075,2.136338472,1.531376123,4.645321369,3.442290068,2.039410114,2.162402153,1.099187136,2.746231794,0.637161791,6.647369385,1.851850033,4.62029171,1.932295322,1.165448904,2.419008255,0.733099103,2.139369011,0.8948493,1.900557518,1.816375732,0.246576473,1.715428829,0.244119868,1.821304917,0.418316513,3.334679842,0.242380574,0.266599238,0.224776193,0.45776388
0.85,0.653566122,1.179862022,0.605554402,1.484505296,0.235792935,0.505432189,0.260235339,0.749658704,0.223911911,0.16199711,0.408607423,0.928884625,0.576265693,0.818396986,0.551203012,0.741662085,0.965279222,0.612708986,1.876191735,0.800244868,1.683763981,0.819982111,1.587359548,0.777029634,0.752926946,1.662170768,0.688201308,1.586188674,0.81712544,1.55918026,1.352047324,0.289097846,1.924451709,0.299417615,1.907269716,0.215936214,2.240095139,0.271125227,0.276197672,0.946987748,2.782723665,1.638778329,2.183858395,1.17630899,2.23286891,2.102690458,0.658791959,4.23256731,0.487241268,2.650746107,0.738173246,4.747723103,0.757741272,0.608910024,0.640245855,1.123719573,0.288950771,0.574510038,0.206942216,0.401547074,1.834476709,1.132816792,2.34594965,1.867002726,1.712399721,1.670756102,0.913190067,2.240152359,0.894820511,3.989820242,1.414899826,3.720057487,1.174661517,1.000549197,2.255123377,1.284991264,2.872213602,2.035032511,2.007000208,2.323349714,1.23927927,2.705146313,0.955808342,4.874097347,1.790794969,3.586226702,1.318721056,1.176412702,2.866131783,1.283902049,2.968273878,1.765003324,2.149044514,2.496455431,1.007570505,3.376372337,0.628030539,5.069838524,1.274050832,4.336536407,0.604202688,0.783955455,0.791015923,1.122548699,0.492564857,0.84841013,0.257237345,0.472498089,1.411641121,1.011372447,1.834300041,1.378604174,1.508388996,1.341248751,0.389364332,1.934912205,0.438645393,1.922091126,0.461685151,2.614682198,0.783346653,0.480058163,0.841746211,1.54240489,1.104456306,3.284018755,2.410033464,1.461265922,1.545184135,0.784286082,1.975660324,0.457896292,4.580490112,1.330362797,3.263077974,1.385576248,0.835268617,1.753730416,0.539583087,1.560847998,0.655086875,1.366003871,1.308018804,0.17678827,1.258635402,0.178067401,1.316819906,0.298506945,2.392986536,0.169483334,0.191570237,0.158237591,0.315015525
0.9,0.42972073,0.779793382,0.400167942,0.954982817,0.153978541,0.326780528,0.168544561,0.47960192,0.143467784,0.103726745,0.259683788,0.576684475,0.355095983,0.509363472,0.341113508,0.475006729,0.61341393,0.388142139,1.131371379,0.481237203,1.033463717,0.503063917,1.034787893,0.51225245,0.464568704,1.019767165,0.42092219,0.977006078,0.503130019,0.955870986,0.845396996,0.176361024,1.168717027,0.182074457,1.178644896,0.13038148,1.37781477,0.163946643,0.167795032,0.576297104,1.659893274,0.98214972,1.355098605,0.729846954,1.365414023,1.272755861,0.397297949,2.523288965,0.299152046,1.643233299,0.459581375,2.866292953,0.460191578,0.371127218,0.389972448,0.69078064,0.181661382,0.364364147,0.130662814,0.255538344,1.126612186,0.700590551,1.447412729,1.156557322,1.04692626,1.013943434,0.559050322,1.376271844,0.551850915,2.488446236,0.86202091,2.280776262,0.724588513,0.614464104,1.400541544,0.807570815,1.782885551,1.268886924,1.243770361,1.413991213,0.756353557,1.709322214,0.613004208,3.008962154,1.106100559,2.206914186,0.816567421,0.73592484,1.805500746,0.810267568,1.875056505,1.121279836,1.346693993,1.564298868,0.636806369,2.146826982,0.406404018,3.267800808,0.811192155,2.721901178,0.385596752,0.501819551,0.505826533,0.711968124,0.307973832,0.533238828,0.162531435,0.299782693,0.902807117,0.645853162,1.174403667,0.887890875,0.976739466,0.860651433,0.245873913,1.237293243,0.276691049,1.229666591,0.293913633,1.675526977,0.498734534,0.304018259,0.539501429,0.99590838,0.715008855,2.08080864,1.513626575,0.944574237,0.993294299,0.503772318,1.27740252,0.2965841,2.863496065,0.843821049,2.092244864,0.900507867,0.537436008,1.1363976,0.353735358,1.023968101,0.426832169,0.88965565,0.855361342,0.114997037,0.818433702,0.115870148,0.853842676,0.190472662,1.556448817,0.10821823,0.123911612,0.101054706,0.200576022
0.95,0.188941598,0.370165855,0.190027356,0.422082424,0.078731701,0.161523417,0.084010065,0.237974674,0.070417494,0.05121981,0.126447976,0.260344356,0.156838164,0.253043264,0.163624406,0.232615203,0.308401048,0.19598636,0.47318837,0.20005244,0.510292411,0.248556837,0.526309907,0.259084433,0.212478057,0.455801427,0.189876705,0.449992269,0.231365591,0.430592299,0.395487487,0.08079464,0.524044931,0.081007831,0.575688601,0.059832748,0.633002281,0.068171971,0.075004503,0.257083118,0.713548422,0.422485501,0.567480206,0.292682886,0.617453635,0.553450465,0.16651471,1.082785964,0.13494496,0.658440292,0.180959344,1.285280704,0.212622076,0.160807103,0.162733883,0.31272909,0.088986099,0.178684518,0.064630017,0.115131065,0.487932116,0.305177152,0.628000975,0.490582407,0.46084401,0.436734021,0.242222935,0.608617783,0.248395309,1.077349544,0.360696703,1.016230941,0.327359259,0.27037403,0.607670128,0.355025202,0.782651842,0.548260808,0.560466766,0.602952003,0.322438955,0.777349114,0.280325562,1.313240409,0.491812259,0.98098582,0.387905598,0.330736637,0.822682142,0.366884738,0.850768209,0.493742764,0.601731062,0.695812345,0.284011275,0.981528759,0.193194091,1.447764158,0.344745845,1.255131841,0.185378388,0.229881316,0.235634655,0.328629702,0.1437141,0.250076592,0.077589341,0.141713098,0.414074421,0.296196222,0.534164727,0.402138472,0.450003475,0.392314941,0.110909104,0.569489837,0.129472584,0.537570715,0.1320104,0.747919559,0.219376236,0.137982339,0.248429611,0.464055866,0.33495906,0.923198938,0.664922059,0.440006375,0.449892968,0.228857353,0.607911289,0.145271257,1.270473361,0.374288827,0.951014519,0.412723422,0.247370511,0.525094807,0.163761497,0.483427852,0.200852826,0.415622979,0.400424272,0.05281784,0.372485369,0.054222081,0.409344077,0.090326086,0.724181652,0.051667422,0.057889052,0.046973262,0.097738765
1,0,0,0,0,0,0,0,0,0,0,0,0,0,0,0,0,0,0,0,0,0,0,0,0,0,0,0,0,0,0,0,0,0,0,0,0,0,0,0,0,0,0,0,0,0,0,0,0,0,0,0,0,0,0,0,0,0,0,0,0,0,0,0,0,0,0,0,0,0,0,0,0,0,0,0,0,0,0,0,0,0,0,0,0,0,0,0,0,0,0,0,0,0,0,0,0,0,0,0,0,0,0,0,0,0,0,0,0,0,0,0,0,0,0,0,0,0,0,0,0,0,0,0,0,0,0,0,0,0,0,0,0,0,0,0,0,0,0,0,0,0,0,0,0,0,0,0,0,0,0,0,0,0
